index,L_projective_numerical,residual,norm_a,max_imag_bloch
0.000000000000000000e+00,1.000000000000000444e+00,4.440892098500626162e-16,9.746867702239188080e-01,5.551115123125782702e-17
1.000000000000000000e+00,1.000000000000000222e+00,2.220446049250313081e-16,5.333178670387045406e-01,3.434101273126556232e-18
2.000000000000000000e+00,1.000000000000000666e+00,6.661338147750939243e-16,8.460200484340607563e-01,3.121899611975229216e-18
3.000000000000000000e+00,1.000000000000000444e+00,4.440892098500626162e-16,9.127141212315116325e-01,2.675463650405407872e-17
4.000000000000000000e+00,1.000000000000000444e+00,4.440892098500626162e-16,5.845405583745134637e-01,5.551115123125782702e-17
5.000000000000000000e+00,1.000000000000000444e+00,4.440892098500626162e-16,8.923563183957806677e-01,2.775557561562891351e-17
6.000000000000000000e+00,1.000000000000000000e+00,0.000000000000000000e+00,9.968195958777541499e-01,3.711462725804803357e-17
7.000000000000000000e+00,1.000000000000000000e+00,0.000000000000000000e+00,5.820650964687789086e-01,1.752474225481389448e-17
8.000000000000000000e+00,1.000000000000000222e+00,2.220446049250313081e-16,5.871851566150215751e-01,6.041654410200005614e-18
9.000000000000000000e+00,1.000000000000000444e+00,4.440892098500626162e-16,5.705059881740266459e-01,1.632738501967413039e-17
1.000000000000000000e+01,1.000000000000000000e+00,0.000000000000000000e+00,7.352659859202312909e-01,9.868399607432909846e-18
1.100000000000000000e+01,1.000000000000000222e+00,2.220446049250313081e-16,8.706950770981439769e-01,2.775557561562891351e-17
1.200000000000000000e+01,1.000000000000000222e+00,2.220446049250313081e-16,4.022414447919836489e-01,2.775557561562891351e-17
1.300000000000000000e+01,1.000000000000000444e+00,4.440892098500626162e-16,9.396454394745756833e-01,2.081668171172168513e-17
1.400000000000000000e+01,1.000000000000000444e+00,4.440892098500626162e-16,5.838137309981229484e-01,5.551115123125782702e-17
1.500000000000000000e+01,1.000000000000000222e+00,2.220446049250313081e-16,7.998864576563248230e-01,2.775557561562891351e-17
1.600000000000000000e+01,1.000000000000000222e+00,2.220446049250313081e-16,7.243846945204316379e-01,1.387778780781445676e-17
1.700000000000000000e+01,1.000000000000000000e+00,0.000000000000000000e+00,9.522620173839665414e-01,1.110223024625156540e-16
1.800000000000000000e+01,1.000000000000000444e+00,4.440892098500626162e-16,3.342764454680848263e-01,4.163336342344337027e-17
1.900000000000000000e+01,1.000000000000000444e+00,4.440892098500626162e-16,5.909245987192761618e-01,2.775557561562891351e-17
