concurrence,gain_over_omega
0.0,0.0
0.01,2.5000625031246226e-05
0.02,0.00010001000200049459
0.03,0.00022505064779410056
0.04,0.0004001601281281575
0.05,0.0006253911140455259
0.06,0.0009008114612887863
0.07,0.0012265043128293907
0.08,0.0016025682249155015
0.09,0.002029117317086493
0.1,0.0025062814466900174
0.11,0.003034206408529583
0.12,0.003613054160365725
0.13,0.004243003075095286
0.14,0.004924248220537442
0.15,0.005657001667870254
0.16,0.006441492829877327
0.17,0.007277968830294745
0.18,0.008166694905682503
0.19,0.009107954841392873
0.2,0.010102051443364402
0.21,0.01114930704764261
0.22,0.012250064069712074
0.23,0.013404685595925614
0.24,0.014613556019536122
0.25,0.015877081724072872
0.26,0.017195691817067538
0.27,0.01856983891741887
0.28,0.020000000000000018
0.29,0.021486677301456925
0.3,0.02303039929152717
0.31,0.024631721714626797
0.32,0.026291228706919578
0.33,0.028009533994594327
0.34,0.0297872821796501
0.35000000000000003,0.03162515012012013
0.36,0.033523848412375934
0.37,0.035484122983939326
0.38,0.03750675680611287
0.39,0.03959257173672798
0.4,0.041742430504416006
0.41000000000000003,0.04395723884705727
0.42,0.04623794781846291
0.43,0.048585556278933406
0.44,0.051001113587127056
0.45,0.053485722512706224
0.46,0.05604054239153772
0.47000000000000003,0.05866679254785284
0.48,0.06136575601077382
0.49,0.0641387835560498
0.5,0.0669872981077807
0.51,0.06991279953944224
0.52,0.07291686991874752
0.53,0.0760011792469229
0.54,0.07916749174998378
0.55,0.08241767278774836
0.56,0.08575369645584047
0.5700000000000001,0.08917765396707061
0.58,0.09269176291167397
0.59,0.09629837751131093
0.6,0.09999999999999998
0.61,0.10379929328684939
0.62,0.1076990950813394
0.63,0.11170243369292154
0.64,0.11581254575402905
0.65,0.12003289616073343
0.66,0.124367200580141
0.67,0.12881945094065073
0.68,0.13339394440353286
0.6900000000000001,0.1380953164160486
0.7000000000000001,0.1429285785728575
0.71,0.14789916217083493
0.72,0.15301296854205054
0.73,0.15827642750316445
0.74,0.16369656558399526
0.75,0.16928108611692616
0.76,0.17503846381456156
0.77,0.18097805718101456
0.78,0.18711024305675972
0.79,0.1934465788806134
0.8,0.20000000000000007
0.81,0.20678506177208505
0.8200000000000001,0.21381823957491636
0.8300000000000001,0.2211183046523132
0.84,0.22870680067498922
0.85,0.2366086561786815
0.86,0.2448529835565385
0.87,0.253474139287579
0.88,0.26251315825924165
0.89,0.27201973769644006
0.9,0.2820550528229664
0.91,0.29269587558372123
0.92,0.30404082057734577
0.93,0.316220240505109
0.9400000000000001,0.3294127789076803
0.9500000000000001,0.3438750500400401
0.96,0.36
0.97,0.3784475421885678
0.98,0.4005012562893379
0.99,0.4294663201016705
1.0,0.5
