index,rho_sha256,mixed_master_seed,projective_seed_base,partial4_seed,povm_seed,L_projective,L_projective_batch_min,L_projective_batch_max,projective_batches,projective_reference_source,projective_reference_policy,projective_samples_per_batch,projective_local_starts,projective_local_steps,n_projective_x,n_projective_y,n_projective_z,L_partial4_antipodal,n_partial4_x,n_partial4_y,n_partial4_z,partial4_delta_L,partial4_abs_delta_L,delta_L,abs_delta_L,partial4_closure_residual,partial4_weight_sum_residual,partial4_active_outcomes,partial4_min_weight,partial4_max_weight,partial4_alpha_scheme,partial4_uses_projective_direction,L_linear4,linear4_delta_L,linear4_closure_residual,linear4_weight_sum_residual,linear4_active_outcomes,linear4_min_weight,linear4_max_weight,linear4_accepted_samples,L_stiefel4,stiefel4_delta_L,stiefel4_operator_residual,stiefel4_closure_residual,stiefel4_weight_sum_residual,stiefel4_active_outcomes,stiefel4_min_weight,stiefel4_max_weight,L_embedded_projective,embedded_delta_L,embedded_closure_residual,embedded_weight_sum_residual,embedded_active_outcomes,embedded_min_weight,embedded_max_weight,embedded_included_in_reported_delta,embedded_included_in_no_exceed_test,finite_no_embed_best,finite_no_embed_excess_over_projective,max_independent_finite_value,max_independent_finite_source,max_independent_finite_minus_projective,finite_exceeds_projective_tol_1e-10,max_imag_bloch
0,e9962f43e805a7ea5a07e90ab215a36060a9c5eba1ba2916e9f710910ffe8356,7,10000000,30000000,20000000,0.7350902509414745,0.7350902509414745,0.7350902509414745,4,projective_only_search,projective_only_not_updated_by_finite_search,18000,35,280,0.1051357457417047,0.539114004399403,-0.835644999522989,0.7350902509414745,0.10513575455974716,0.5391140044743619,-0.8356449983651973,0.0,0.0,0.0,0.0,1.1102230246251565e-16,0.0,4,0.19211705917514232,0.8078829408248577,random_pair_split,False,0.7307316501689107,-0.004358600772563781,1.1102230246251565e-16,0.0,4,0.02040173098676925,0.9834737344060048,1500,0.7344248639659307,-0.000665386975543858,8.414907047788028e-16,9.00005568551003e-16,4.440892098500626e-16,4,0.04872426029842081,0.9491753827127984,0.7350902509414745,0.0,0.0,0.0,4,0.5,0.5,False,False,0.7350902509414745,0.0,0.7350902509414745,partial4_antipodal,0.0,False,0.0
1,c7538342eeb1544bc9fdc9cb48b09efb23f948ce0c7af02383c9277356aefecc,7,10001009,30000131,20000131,0.8064142409330808,0.8064142409330808,0.8064142409330808,4,projective_only_search,projective_only_not_updated_by_finite_search,18000,35,280,-0.45863881690398023,0.8537814080053574,0.24638941327359612,0.8064142409330808,-0.4586388091973745,0.8537814138324988,0.24638940742693058,0.0,0.0,0.0,0.0,1.3597399555105182e-16,0.0,4,0.28787923452714015,0.71212076547286,random_pair_split,False,0.7998652779510078,-0.00654896298207297,1.6006525791509676e-16,0.0,4,0.0036659112509395625,0.9896209044495211,1500,0.8048627616781924,-0.0015514792548884104,1.355199909595506e-15,1.3337124490069256e-15,8.881784197001252e-16,4,0.007392387465199379,0.9981642800395247,0.8064142409330807,-1.1102230246251565e-16,0.0,0.0,4,0.5,0.5,False,False,0.8064142409330808,0.0,0.8064142409330808,partial4_antipodal,0.0,False,0.0
2,6762a2e4bae607321a75b095056d8498e300205480f338a0751359f1c1302cb3,7,10002018,30000262,20000262,0.5367838956721892,0.5367838956721891,0.5367838956721892,4,projective_only_search,projective_only_not_updated_by_finite_search,18000,35,280,-0.7034270810925418,-0.1321256300090389,0.6983789512008086,0.5367838956721891,-0.7034270795844337,-0.13212562170487996,0.6983789542908735,-1.1102230246251565e-16,1.1102230246251565e-16,-1.1102230246251565e-16,1.1102230246251565e-16,1.1102230246251565e-16,0.0,4,0.2947121228534223,0.7052878771465778,random_pair_split,False,0.5251517368187568,-0.011632158853432384,4.585973723508303e-16,0.0,4,0.10232106218314874,0.9211515886832994,1500,0.5364429337951394,-0.00034096187704979464,6.485546236472086e-16,4.783309287441108e-16,8.881784197001252e-16,4,0.019908102647511246,0.9980845221452612,0.5367838956721892,0.0,0.0,0.0,4,0.5,0.5,False,False,0.5367838956721891,-1.1102230246251565e-16,0.5367838956721891,partial4_antipodal,-1.1102230246251565e-16,False,0.0
3,fb12955c8057d917d0a6ec7cf82263faebe718abe259d89b2afe279c3eac2030,7,10003027,30000393,20000393,0.5384767702685912,0.5384767702685912,0.5384767702685912,4,projective_only_search,projective_only_not_updated_by_finite_search,18000,35,280,0.2817299306460164,-0.8222819100955303,0.4944499029303546,0.5384767702685913,-0.28172991412966675,0.822281919593268,-0.49444989654615273,1.1102230246251565e-16,1.1102230246251565e-16,1.1102230246251565e-16,1.1102230246251565e-16,1.7388818282700985e-16,0.0,4,0.34393648489649103,0.656063515103509,random_pair_split,False,0.5344114336340465,-0.0040653366345446695,9.858611662637309e-17,4.440892098500626e-16,4,0.010555829622011499,0.980716723438628,1500,0.5378744401510828,-0.0006023301175084317,8.966087401489778e-16,8.813214774254467e-16,8.881784197001252e-16,4,0.05315053654560853,0.9979606821968591,0.5384767702685912,0.0,0.0,0.0,4,0.5,0.5,False,False,0.5384767702685913,1.1102230246251565e-16,0.5384767702685913,partial4_antipodal,1.1102230246251565e-16,False,0.0
4,6775b032fd139ffcf15cd51c5237e5ee720bcbb14e45606c45cb5ae401a18e4b,7,10004036,30000524,20000524,0.7019159183507064,0.7019159183507064,0.7019159183507064,4,projective_only_search,projective_only_not_updated_by_finite_search,18000,35,280,-0.714386083919787,-0.481300454982207,0.5079393616719143,0.7019159183507063,-0.7143860865201758,-0.48130045300825686,0.5079393598850505,-1.1102230246251565e-16,1.1102230246251565e-16,-1.1102230246251565e-16,1.1102230246251565e-16,1.2412670766236366e-16,2.220446049250313e-16,4,0.28918605216453414,0.7108139478354658,random_pair_split,False,0.6825476503017557,-0.019368268048950754,1.3597399555105182e-16,0.0,4,0.007740576162439394,0.9721004045279713,1500,0.7015360445859946,-0.00037987376471182444,3.3306690738754696e-16,1.8253379971363983e-16,4.440892098500626e-16,4,0.12883351538245577,0.8709297283651174,0.7019159183507064,0.0,0.0,0.0,4,0.5,0.5,False,False,0.7019159183507063,-1.1102230246251565e-16,0.7019159183507063,partial4_antipodal,-1.1102230246251565e-16,False,0.0
5,d99f6a79d3cb001c0fc573146344de5b5b55f1a91f9c0c6f4fa907737b665009,7,10005045,30000655,20000655,0.6460112993505206,0.6460112993505205,0.6460112993505206,4,projective_only_search,projective_only_not_updated_by_finite_search,18000,35,280,0.5948210927644357,0.781308577162788,0.18906288597813828,0.6460112993505204,-0.5948210866979862,-0.7813085813070026,-0.1890628879380237,-2.220446049250313e-16,2.220446049250313e-16,-2.220446049250313e-16,2.220446049250313e-16,2.237726045655905e-16,0.0,4,0.27915303231330674,0.7208469676866932,random_pair_split,False,0.6386235630923203,-0.007387736258200328,2.498001805406602e-16,0.0,4,0.06671561020015149,0.9578269783567168,1500,0.6451455835462024,-0.0008657158043181568,1.2262814116578437e-15,5.978733960281817e-16,1.7763568394002505e-15,4,0.23483761223406527,0.7663445832465565,0.6460112993505206,0.0,0.0,0.0,4,0.5,0.5,False,False,0.6460112993505204,-2.220446049250313e-16,0.6460112993505204,partial4_antipodal,-2.220446049250313e-16,False,0.0
6,613056df540d316c2d64b7528e349029ed8b0a8c6404f4f6d4f5e6fab4d548d8,7,10006054,30000786,20000786,0.583420126742343,0.583420126742343,0.583420126742343,4,projective_only_search,projective_only_not_updated_by_finite_search,18000,35,280,-0.7952842981433115,-0.3863688727594069,-0.46716376067640975,0.583420126742343,-0.7952842918506223,-0.38636886117782376,-0.46716378096745254,0.0,0.0,0.0,0.0,1.3947004136484323e-16,0.0,4,0.2080477143424662,0.791952285657534,random_pair_split,False,0.5768466754834136,-0.006573451258929386,2.482534153247273e-16,0.0,4,0.08165112341789502,0.9746239231698302,1500,0.5830684454960984,-0.0003516812462446284,5.211104702062704e-16,3.7853558335037716e-16,4.440892098500626e-16,4,0.2237136566214459,0.776363020341365,0.583420126742343,0.0,0.0,0.0,4,0.5,0.5,False,False,0.583420126742343,0.0,0.583420126742343,partial4_antipodal,0.0,False,0.0
7,ccdf18b0cfc048681468797ca2ec36d89ecbcc81a02fae28ec041339c1062bdb,7,10007063,30000917,20000917,0.7200564736487999,0.7200564736487998,0.7200564736487999,4,projective_only_search,projective_only_not_updated_by_finite_search,18000,35,280,-0.010077447488423631,0.9803516615372476,0.19700016439910972,0.7200564736487998,-0.010077433808150448,0.9803516613710693,0.19700016592588623,-1.1102230246251565e-16,1.1102230246251565e-16,-1.1102230246251565e-16,1.1102230246251565e-16,0.0,0.0,4,0.2730967227139074,0.7269032772860926,random_pair_split,False,0.7167444761220159,-0.0033119975267840163,1.1443916996305594e-16,0.0,4,0.27468555871817674,0.7157587290496655,1500,0.7195749654456592,-0.0004815082031406348,9.66476085078058e-16,9.541184128444304e-16,1.3322676295501878e-15,4,0.1869337610667946,0.998293161424217,0.7200564736487999,0.0,0.0,0.0,4,0.5,0.5,False,False,0.7200564736487998,-1.1102230246251565e-16,0.7200564736487998,partial4_antipodal,-1.1102230246251565e-16,False,0.0
8,ce71a4eab8481efbd2e5cb161db9a61a2db6f2a72969f8bab2a67f9600e21e5a,7,10008072,30001048,20001048,0.6944948889553315,0.6944948889553315,0.6944948889553315,4,projective_only_search,projective_only_not_updated_by_finite_search,18000,35,280,-0.5491292802316908,-0.06570193722275305,-0.8331508201024607,0.6944948889553315,-0.5491292875553007,-0.06570193181011608,-0.8331508157023114,0.0,0.0,0.0,0.0,1.1123893155135927e-16,0.0,4,0.22708476595619945,0.7729152340438006,random_pair_split,False,0.684538565269224,-0.009956323686107549,2.37997268738826e-16,0.0,4,0.03426193046805894,0.9380793139234292,1500,0.6941390711903103,-0.00035581776502124907,2.611090194369167e-16,5.469862605010674e-16,4.440892098500626e-16,4,0.07923867865103992,0.9207558703157408,0.6944948889553315,0.0,0.0,0.0,4,0.5,0.5,False,False,0.6944948889553315,0.0,0.6944948889553315,partial4_antipodal,0.0,False,0.0
9,16b1b75099defab74d815d66d249e9742139cf75e4b056403613ec0c3cf13ad9,7,10009081,30001179,20001179,0.8159900181516629,0.8159900181516628,0.8159900181516629,4,projective_only_search,projective_only_not_updated_by_finite_search,18000,35,280,-0.020778082757156185,-0.8290819784490059,0.5587408561113275,0.8159900181516628,0.0207780821164802,0.8290819785639733,-0.5587408559645594,-1.1102230246251565e-16,1.1102230246251565e-16,-1.1102230246251565e-16,1.1102230246251565e-16,2.2898349882893854e-16,0.0,4,0.18300332215838072,0.8169966778416193,random_pair_split,False,0.8002946946239751,-0.015695323527687877,1.3877787807814457e-16,0.0,4,0.020256629079190135,0.9856760262498696,1500,0.8141888200848273,-0.001801198066835652,4.611102534756203e-16,4.72354722700283e-16,4.440892098500626e-16,4,0.05300992874599087,0.9464084396923558,0.8159900181516629,0.0,0.0,0.0,4,0.5,0.5,False,False,0.8159900181516628,-1.1102230246251565e-16,0.8159900181516628,partial4_antipodal,-1.1102230246251565e-16,False,0.0
10,3713a503fb52dbe10e6baa5e6b165c0d44f5d464df3e25766077e095f5082239,7,10010090,30001310,20001310,0.7053629049264452,0.7053629049264452,0.7053629049264452,4,projective_only_search,projective_only_not_updated_by_finite_search,18000,35,280,0.5268494231980053,0.8499255170916918,0.007503377396183763,0.7053629049264452,0.5268494221245414,0.8499255177756392,0.007503375297065394,0.0,0.0,0.0,0.0,1.5265878447541013e-16,0.0,4,0.09547636090370926,0.9045236390962907,random_pair_split,False,0.7019360978409135,-0.003426807085531669,1.1123893155135927e-16,0.0,4,0.02700719194934502,0.9720612769176272,1500,0.7050328850035585,-0.0003300199228866152,7.54012280790646e-16,4.944174938160562e-16,8.881784197001252e-16,4,0.11045868403168849,0.9968555675565349,0.7053629049264452,0.0,0.0,0.0,4,0.5,0.5,False,False,0.7053629049264452,0.0,0.7053629049264452,partial4_antipodal,0.0,False,0.0
11,721781aa7790963ca7a009088ec328e278d69132696c021fc0ba98ac9e7929db,7,10011099,30001441,20001441,0.6695779028005507,0.6695779028005507,0.6695779028005507,4,projective_only_search,projective_only_not_updated_by_finite_search,18000,35,280,0.7280273056340136,-0.679323759250774,-0.09217088677383314,0.6695779028005507,0.7280273094139711,-0.6793237547673521,-0.09217088996120655,0.0,0.0,0.0,0.0,1.249000902703301e-16,0.0,4,0.14996697720093366,0.8500330227990663,random_pair_split,False,0.667040693564456,-0.002537209236094684,3.6348149084233214e-16,0.0,4,0.005661514071820565,0.9881755565882975,1500,0.6694279432049932,-0.00014995959555752503,1.2372652974589541e-15,5.902547983198874e-16,1.7763568394002505e-15,4,0.23321576546188433,0.7669602570683116,0.6695779028005506,-1.1102230246251565e-16,0.0,0.0,4,0.5,0.5,False,False,0.6695779028005507,0.0,0.6695779028005507,partial4_antipodal,0.0,False,0.0
12,b1d23c6ad1ac3bd234e776b356111cb5e230790ba8727d5047a4168246be4df1,7,10012108,30001572,20001572,0.7011994442547396,0.7011994442547396,0.7011994442547396,4,projective_only_search,projective_only_not_updated_by_finite_search,18000,35,280,-0.10121391429489499,-0.9909779272066086,0.08785494489440779,0.7011994442547396,0.1012139199329623,0.9909779271373245,-0.08785493918053644,0.0,0.0,0.0,0.0,1.1274368112207335e-16,0.0,4,0.22591092128110177,0.7740890787188982,random_pair_split,False,0.6780259478136178,-0.023173496441121766,2.3657241715122657e-16,2.220446049250313e-16,4,0.022664614024403822,0.9750966807187235,1500,0.7005347378038606,-0.0006647064508790157,5.28085841456928e-16,8.088284530209342e-16,4.440892098500626e-16,4,0.15085815508417588,0.9995310425913123,0.7011994442547396,0.0,0.0,0.0,4,0.5,0.5,False,False,0.7011994442547396,0.0,0.7011994442547396,partial4_antipodal,0.0,False,0.0
13,b777651355331a07799318509d4db33d2ba4c24d9df37fd5ea6f1e3b38012d69,7,10013117,30001703,20001703,0.8169969179583063,0.8169969179583063,0.8169969179583063,4,projective_only_search,projective_only_not_updated_by_finite_search,18000,35,280,-0.7061380093181491,0.6496137083939983,-0.2817288442151407,0.8169969179583064,0.7061380082647023,-0.6496137071087068,0.28172884981918833,1.1102230246251565e-16,1.1102230246251565e-16,1.1102230246251565e-16,1.1102230246251565e-16,2.2095774277045924e-16,0.0,4,0.055811374744848506,0.9441886252551515,random_pair_split,False,0.8068226992374039,-0.010174218720902406,1.2412670766236366e-16,0.0,4,0.005082885996203721,0.9919857960204859,1500,0.8161256624099509,-0.0008712555483554318,1.7519023829470347e-15,6.304854800243424e-16,2.220446049250313e-15,4,0.21322379898632482,0.7865678793601093,0.8169969179583063,0.0,0.0,0.0,4,0.5,0.5,False,False,0.8169969179583064,1.1102230246251565e-16,0.8169969179583064,partial4_antipodal,1.1102230246251565e-16,False,0.0
14,fce8f579a790c5bbd86dae9ed106a43d3d560d87725fe4163f39e0cf514a8b56,7,10014126,30001834,20001834,0.5454222962991073,0.5454222962991073,0.5454222962991073,4,projective_only_search,projective_only_not_updated_by_finite_search,18000,35,280,0.8732351228393266,-0.17651110605513756,0.4542072761184903,0.5454222962991073,0.8732351227403288,-0.1765111063545145,0.45420727619247625,0.0,0.0,0.0,0.0,1.594436429147036e-16,0.0,4,0.3201471291183539,0.679852870881646,random_pair_split,False,0.5362310135998465,-0.009191282699260839,1.32021460364232e-16,0.0,4,0.052107993054394834,0.9517681207323453,1500,0.5450269726999828,-0.00039532359912453074,6.626552854390357e-16,1.0000677077679748e-15,0.0,4,0.1039087536709317,0.8974357418658749,0.5454222962991072,-1.1102230246251565e-16,0.0,0.0,4,0.5,0.5,False,False,0.5454222962991073,0.0,0.5454222962991073,partial4_antipodal,0.0,False,0.0
15,cc34881f1fb6dce62a3cf768869fbf45cfa4819899feab334fe31ed95b7eb000,7,10015135,30001965,20001965,0.591486823590972,0.5914868235909719,0.591486823590972,4,projective_only_search,projective_only_not_updated_by_finite_search,18000,35,280,0.9149885932513114,0.29193919439230553,-0.2785092116924648,0.591486823590972,-0.9149885931828744,-0.29193919468356916,0.2785092116119928,0.0,0.0,0.0,0.0,1.1443916996305594e-16,0.0,4,0.16954258534059471,0.8304574146594053,random_pair_split,False,0.5633373389235462,-0.02814948466742584,1.3597399555105182e-16,0.0,4,0.08441548733043051,0.8901762997000556,1500,0.5905826043589076,-0.0009042192320644071,5.103743968679989e-16,6.866350197783356e-16,4.440892098500626e-16,4,0.10535540352015665,0.998641338685814,0.591486823590972,0.0,0.0,0.0,4,0.5,0.5,False,False,0.591486823590972,0.0,0.591486823590972,partial4_antipodal,0.0,False,0.0
16,f087a65d9f070f748c8187f4c25c278bcf74b10b05cff4ae88b4a7162d81f396,7,10016144,30002096,20002096,0.6428044836509174,0.6428044836509174,0.6428044836509174,4,projective_only_search,projective_only_not_updated_by_finite_search,18000,35,280,0.7751700980285938,0.41979411673481226,0.4721061519162605,0.6428044836509174,0.7751701013404549,0.4197941128834964,0.4721061499029507,0.0,0.0,0.0,0.0,8.326672684688674e-17,0.0,4,0.46602521809498765,0.5339747819050125,random_pair_split,False,0.6310630403593116,-0.011741443291605758,1.4555146645863653e-16,0.0,4,0.019397465014311624,0.9937036925485048,1500,0.6420386289486945,-0.0007658547022229012,4.768186551876019e-16,2.830524433501838e-16,4.440892098500626e-16,4,0.12200895460079275,0.8782207036431101,0.6428044836509174,0.0,0.0,0.0,4,0.5,0.5,False,False,0.6428044836509174,0.0,0.6428044836509174,partial4_antipodal,0.0,False,0.0
17,5591dc022db32e7580787e22fb107b426e20f1dfb5a17f6a0a332544c41cd585,7,10017153,30002227,20002227,0.6192356955085274,0.6192356955085273,0.6192356955085274,4,projective_only_search,projective_only_not_updated_by_finite_search,18000,35,280,0.9046233042489965,-0.420281463267663,0.07085315125821719,0.6192356955085272,0.9046233051612567,-0.42028146197378047,0.07085314728581822,-2.220446049250313e-16,2.220446049250313e-16,-2.220446049250313e-16,2.220446049250313e-16,0.0,0.0,4,0.4138592027192816,0.5861407972807184,random_pair_split,False,0.6078173414423377,-0.01141835406618974,2.2247786310271853e-16,0.0,4,0.22405341182470356,0.9847133131585277,1500,0.6190573049298336,-0.00017839057869384334,4.648541058872642e-16,2.5523436361293173e-16,4.440892098500626e-16,4,0.0042607369177512155,0.9992829558261717,0.6192356955085274,0.0,0.0,0.0,4,0.5,0.5,False,False,0.6192356955085272,-2.220446049250313e-16,0.6192356955085272,partial4_antipodal,-2.220446049250313e-16,False,0.0
18,128b37f29627cfdf45650b944258d4620dbd7d1a5f6dca3d2028fbd28a34ace7,7,10018162,30002358,20002358,0.57030566609639,0.57030566609639,0.57030566609639,4,projective_only_search,projective_only_not_updated_by_finite_search,18000,35,280,0.6943658769837228,-0.6351563496205702,-0.33827864315871,0.57030566609639,-0.6943658772036185,0.6351563517133411,0.33827863877792846,0.0,0.0,0.0,0.0,6.206335383118183e-17,0.0,4,0.1382230274639891,0.8617769725360109,random_pair_split,False,0.5556032094220015,-0.01470245667438852,2.776424787817943e-16,0.0,4,0.041492222200877324,0.9382330337315588,1500,0.569887828215958,-0.00041783788043203707,3.260541871072589e-16,3.191891195797325e-16,4.440892098500626e-16,4,0.06997705881030611,0.9297822291564946,0.57030566609639,0.0,0.0,0.0,4,0.5,0.5,False,False,0.57030566609639,0.0,0.57030566609639,partial4_antipodal,0.0,False,0.0
19,15870f7abe364bcb42341931dc8f312940be7e4c8d35185042b322765b8c1e12,7,10019171,30002489,20002489,0.7395278401283994,0.7395278401283993,0.7395278401283994,4,projective_only_search,projective_only_not_updated_by_finite_search,18000,35,280,-0.12241788222507466,0.21440815726869414,-0.9690423129090757,0.7395278401283992,0.12241788322963953,-0.21440815738113467,0.9690423127572919,-2.220446049250313e-16,2.220446049250313e-16,-2.220446049250313e-16,2.220446049250313e-16,2.220446049250313e-16,0.0,4,0.12323816578850524,0.8767618342114948,random_pair_split,False,0.7266966719149351,-0.012831168213464306,1.2412670766236366e-16,0.0,4,0.08365092929194662,0.9298448719107907,1500,0.7391463688628128,-0.00038147126558663036,9.186765348885273e-16,4.760101448048752e-16,1.1102230246251565e-15,4,0.18184602642956554,0.9984391904785405,0.7395278401283993,-1.1102230246251565e-16,0.0,0.0,4,0.5,0.5,False,False,0.7395278401283992,-2.220446049250313e-16,0.7395278401283992,partial4_antipodal,-2.220446049250313e-16,False,0.0
20,818d49500ee73b4346c72a1b2e8328c38d5584b045577e6253d5cfabc3a4f9cc,7,10020180,30002620,20002620,0.4463002540867757,0.4463002540867757,0.4463002540867757,4,projective_only_search,projective_only_not_updated_by_finite_search,18000,35,280,-0.06953777624572664,0.9297381304962634,0.36159577759718464,0.4463002540867757,0.06953777593328767,-0.9297381372750017,-0.3615957602277195,0.0,0.0,0.0,0.0,5.551115123125783e-17,0.0,4,0.14777720832004634,0.8522227916799536,random_pair_split,False,0.4408485504590241,-0.005451703627751603,5.204170427930421e-17,0.0,4,0.024969482205608084,0.9784055343133358,1500,0.44622900446914326,-7.124961763244064e-05,9.77571704994036e-16,9.666753379582448e-16,8.881784197001252e-16,4,0.16912161365345107,0.8309507034936955,0.4463002540867757,0.0,0.0,0.0,4,0.5,0.5,False,False,0.4463002540867757,0.0,0.4463002540867757,partial4_antipodal,0.0,False,0.0
21,b60d4d3b84ca55f6c378c6c4808500262ba12958dbadefc313390b5f6588ab8b,7,10021189,30002751,20002751,0.8412729452320388,0.8412729452320388,0.8412729452320388,4,projective_only_search,projective_only_not_updated_by_finite_search,18000,35,280,0.7176412628175923,0.4199191045426824,-0.5555708447548733,0.8412729452320388,-0.7176412648258257,-0.4199191095477199,0.555570838377825,0.0,0.0,0.0,0.0,8.326672684688674e-17,0.0,4,0.07281642824705784,0.9271835717529422,random_pair_split,False,0.8209290021593765,-0.020343943072662296,1.5700924586837752e-16,0.0,4,0.010228262288087056,0.972491799197994,1500,0.8408382618135559,-0.00043468341848285075,4.484050470211362e-16,6.080941944488118e-16,0.0,4,0.03775586018385319,0.9621674876434444,0.8412729452320389,1.1102230246251565e-16,0.0,0.0,4,0.5,0.5,False,False,0.8412729452320388,0.0,0.8412729452320388,partial4_antipodal,0.0,False,0.0
22,fe450565abb055e55f0a1bdb220b4ba07a24d45895bdd6b8d9d53e33537ab1f4,7,10022198,30002882,20002882,0.7297671308518618,0.7297671308518618,0.7297671308518618,4,projective_only_search,projective_only_not_updated_by_finite_search,18000,35,280,-0.41665003385552446,-0.8622195160609708,-0.28806293654647036,0.7297671308518617,-0.41665004313222986,-0.8622195130994204,-0.28806293199318384,-1.1102230246251565e-16,1.1102230246251565e-16,-1.1102230246251565e-16,1.1102230246251565e-16,2.7755575615628914e-17,0.0,4,0.045570481329229716,0.9544295186707703,random_pair_split,False,0.7208015092010652,-0.008965621650796618,4.308072122481194e-16,0.0,4,0.012853000033738593,0.9631110767603984,1500,0.7290963858296712,-0.0006707450221906663,6.843874359417885e-16,6.135160493187758e-16,4.440892098500626e-16,4,0.034798146788967504,0.9639650569421945,0.7297671308518618,0.0,0.0,0.0,4,0.5,0.5,False,False,0.7297671308518617,-1.1102230246251565e-16,0.7297671308518617,partial4_antipodal,-1.1102230246251565e-16,False,0.0
23,245801b646b618ead9df265b49949c224e2b90cc2ac0940eb3173b8a168c7ea2,7,10023207,30003013,20003013,0.8192007176593551,0.8192007176593551,0.8192007176593551,4,projective_only_search,projective_only_not_updated_by_finite_search,18000,35,280,-0.6850413982083227,0.34071399093928956,0.6439194508003374,0.8192007176593552,-0.68504139927834,0.34071399312298306,0.6439194485065396,1.1102230246251565e-16,1.1102230246251565e-16,1.1102230246251565e-16,1.1102230246251565e-16,8.326672684688674e-17,0.0,4,0.2947658404858561,0.705234159514144,random_pair_split,False,0.8025162502909088,-0.01668446736844631,2.0920506204726484e-16,0.0,4,0.036918709875788235,0.9674256024595357,1500,0.8181235015813786,-0.001077216077976506,6.664228726384596e-16,5.551115123125783e-16,8.881784197001252e-16,4,0.03042075957445517,0.9990388552252485,0.819200717659355,-1.1102230246251565e-16,0.0,0.0,4,0.5,0.5,False,False,0.8192007176593552,1.1102230246251565e-16,0.8192007176593552,partial4_antipodal,1.1102230246251565e-16,False,0.0
24,32fe66c91bbf47dc9701292221cbe93a3ace8e881c3ca68245c2b02829f7c8c0,7,10024216,30003144,20003144,0.7993691973700892,0.7993691973700892,0.7993691973700892,4,projective_only_search,projective_only_not_updated_by_finite_search,18000,35,280,-0.07110050825384419,-0.5611153041178553,0.8246783210505609,0.7993691973700892,0.07110050945029282,0.5611153039263891,-0.8246783210776824,0.0,0.0,0.0,0.0,1.5700924586837752e-16,0.0,4,0.166800609513432,0.833199390486568,random_pair_split,False,0.797649030787911,-0.0017201665821781065,2.7332218531150744e-16,0.0,4,0.023625747432025238,0.9558609486821812,1500,0.7993235941484264,-4.5603221662804394e-05,4.2139143426569925e-16,6.65699992641958e-16,4.440892098500626e-16,4,0.16025568728019496,0.9988929542989928,0.7993691973700892,0.0,0.0,0.0,4,0.5,0.5,False,False,0.7993691973700892,0.0,0.7993691973700892,partial4_antipodal,0.0,False,0.0
25,c15810587e0a76fd7981546d5a85f61d1f5fc0c5efb4f0c688e942d3e82a9faf,7,10025225,30003275,20003275,0.7226625201910508,0.7226625201910508,0.7226625201910508,4,projective_only_search,projective_only_not_updated_by_finite_search,18000,35,280,0.31642459464335626,-0.9313440660249712,-0.18020462420499062,0.7226625201910507,-0.3164245799095409,0.9313440712377086,0.180204623135592,-1.1102230246251565e-16,1.1102230246251565e-16,-1.1102230246251565e-16,1.1102230246251565e-16,3.3993498887762956e-17,0.0,4,0.21816097937908852,0.7818390206209115,random_pair_split,False,0.7123826413648516,-0.010279878826199185,1.83060593881747e-16,0.0,4,0.05500534089261194,0.9190183632569633,1500,0.7219956564374073,-0.000666863753643554,7.374839769750631e-16,2.5133742693021536e-16,8.881784197001252e-16,4,0.4128176210158366,0.5884083764139494,0.7226625201910507,-1.1102230246251565e-16,0.0,0.0,4,0.5,0.5,False,False,0.7226625201910507,-1.1102230246251565e-16,0.7226625201910507,partial4_antipodal,-1.1102230246251565e-16,False,0.0
26,197b644e4a8f27156e6032b63961caa788e14d019c64771e5335bb6f8adff9fc,7,10026234,30003406,20003406,0.7264148697277963,0.7264148697277963,0.7264148697277963,4,projective_only_search,projective_only_not_updated_by_finite_search,18000,35,280,0.4718905905794642,-0.4890321112564356,-0.7335985718924471,0.7264148697277963,0.4718905854950199,-0.48903211402395563,-0.7335985733181521,0.0,0.0,0.0,0.0,7.850462293418876e-17,0.0,4,0.02291631829129793,0.9770836817087021,random_pair_split,False,0.7198839732929544,-0.0065308964348419485,2.603703785810335e-16,0.0,4,0.005188875233143236,0.9841604458895301,1500,0.7258287437085934,-0.0005861260192029372,9.992007221626409e-16,7.811111357431004e-16,1.3322676295501878e-15,4,0.13111033392522392,0.8719446526799712,0.7264148697277963,0.0,0.0,0.0,4,0.5,0.5,False,False,0.7264148697277963,0.0,0.7264148697277963,partial4_antipodal,0.0,False,0.0
27,b84513041a376641da4d99aea2dc87606c7c88f1914f35171a89b2279846f85a,7,10027243,30003537,20003537,0.6502159910310792,0.6502159910310792,0.6502159910310792,4,projective_only_search,projective_only_not_updated_by_finite_search,18000,35,280,-0.1614445286489196,0.8829261151533002,0.4408822284347935,0.6502159910310792,0.1614445102589911,-0.882926121974407,-0.4408822215087256,0.0,0.0,0.0,0.0,3.925231146709438e-17,0.0,4,0.3539559109316335,0.6460440890683666,random_pair_split,False,0.6321876457145201,-0.018028345316559058,2.3055512673781017e-16,0.0,4,0.035375846569580094,0.9272776652673766,1500,0.6494975821220337,-0.0007184089090455092,8.430113578587717e-16,8.506585850709403e-16,8.881784197001252e-16,4,0.11354153417833192,0.8872965525668504,0.6502159910310792,0.0,0.0,0.0,4,0.5,0.5,False,False,0.6502159910310792,0.0,0.6502159910310792,partial4_antipodal,0.0,False,0.0
28,3a606d04ccadc4aac185c32bae020ee13212a095501eae159809fd5c7cede778,7,10028252,30003668,20003668,0.6653810073437633,0.6653810073437633,0.6653810073437633,4,projective_only_search,projective_only_not_updated_by_finite_search,18000,35,280,-0.7679885999519743,-0.3147362473139991,-0.5577944110248035,0.6653810073437632,-0.7679885997543126,-0.314736249867514,-0.5577944098561264,-1.1102230246251565e-16,1.1102230246251565e-16,-1.1102230246251565e-16,1.1102230246251565e-16,0.0,0.0,4,0.06503882022225387,0.9349611797777462,random_pair_split,False,0.6511304058317788,-0.014250601511984429,1.2412670766236366e-16,0.0,4,0.07400935297351989,0.9721662808392519,1500,0.6649232150096832,-0.0004577923340800538,6.476631392070572e-16,6.922220526417403e-16,0.0,4,0.20432100801694275,0.997610375478637,0.6653810073437633,0.0,0.0,0.0,4,0.5,0.5,False,False,0.6653810073437632,-1.1102230246251565e-16,0.6653810073437632,partial4_antipodal,-1.1102230246251565e-16,False,0.0
29,75006d0444222266c980340c131f6a3fcd950ab8fd1055eae5d25a9114daedd4,7,10029261,30003799,20003799,0.5829439294456049,0.5829439294456049,0.5829439294456049,4,projective_only_search,projective_only_not_updated_by_finite_search,18000,35,280,-0.6199285753794662,-0.6717478647143861,-0.40551617437489296,0.5829439294456049,0.6199285797409289,0.6717478522875893,0.4055161882926578,0.0,0.0,0.0,0.0,8.326672684688674e-17,0.0,4,0.3375113065725423,0.6624886934274578,random_pair_split,False,0.5780109354922464,-0.004932993953358555,7.473417450352271e-17,0.0,4,0.07104978429986997,0.9443728373952498,1500,0.5826662271193586,-0.00027770232624635405,4.0980616289968964e-16,2.216838994277782e-16,4.440892098500626e-16,4,0.006314866374167009,0.994124828216738,0.5829439294456049,0.0,0.0,0.0,4,0.5,0.5,False,False,0.5829439294456049,0.0,0.5829439294456049,partial4_antipodal,0.0,False,0.0
