eta,state,gain_over_omega
0,pure C=0.8,0
0,Bell diagonal,0
0,aligned mixed,0
0.01,pure C=0.8,2.66654815868e-05
0.01,Bell diagonal,0.00275
0.01,aligned mixed,6.04981699857e-06
0.02,pure C=0.8,0.000106647710443
0.02,Bell diagonal,0.0055
0.02,aligned mixed,2.41970725084e-05
0.03,pure C=0.8,0.000239904076723
0.03,Bell diagonal,0.00825
0.03,aligned mixed,5.44351840537e-05
0.04,pure C=0.8,0.000426363690006
0.04,Bell diagonal,0.011
0.04,aligned mixed,9.67531940972e-05
0.05,pure C=0.8,0.000665927567458
0.05,Bell diagonal,0.01375
0.05,aligned mixed,0.000151135789865
0.06,pure C=0.8,0.000958468895627
0.06,Bell diagonal,0.0165
0.06,aligned mixed,0.000217563330985
0.07,pure C=0.8,0.00130383336426
0.07,Bell diagonal,0.01925
0.07,aligned mixed,0.00029601188482
0.08,pure C=0.8,0.00170183957013
0.08,Bell diagonal,0.022
0.08,aligned mixed,0.000386453269353
0.09,pure C=0.8,0.00215227948834
0.09,Bell diagonal,0.02475
0.09,aligned mixed,0.000488855103439
0.1,pure C=0.8,0.00265491900843
0.1,Bell diagonal,0.0275
0.1,aligned mixed,0.000603180864225
0.11,pure C=0.8,0.00320949853196
0.11,Bell diagonal,0.03025
0.11,aligned mixed,0.000729389951493
0.12,pure C=0.8,0.00381573362813
0.12,Bell diagonal,0.033
0.12,aligned mixed,0.000867437758674
0.13,pure C=0.8,0.00447331574376
0.13,Bell diagonal,0.03575
0.13,aligned mixed,0.00101727575024
0.14,pure C=0.8,0.0051819129634
0.14,Bell diagonal,0.0385
0.14,aligned mixed,0.00117885154517
0.15,pure C=0.8,0.00594117081557
0.15,Bell diagonal,0.04125
0.15,aligned mixed,0.00135210900618
0.16,pure C=0.8,0.00675071312061
0.16,Bell diagonal,0.044
0.16,aligned mixed,0.0015369883343
0.17,pure C=0.8,0.00761014287569
0.17,Bell diagonal,0.04675
0.17,aligned mixed,0.00173342616859
0.18,pure C=0.8,0.00851904317238
0.18,Bell diagonal,0.0495
0.18,aligned mixed,0.00194135569042
0.19,pure C=0.8,0.00947697814216
0.19,Bell diagonal,0.05225
0.19,aligned mixed,0.00216070673209
0.2,pure C=0.8,0.0104834939252
0.2,Bell diagonal,0.055
0.2,aligned mixed,0.00239140588936
0.21,pure C=0.8,0.0115381196579
0.21,Bell diagonal,0.05775
0.21,aligned mixed,0.00263337663743
0.22,pure C=0.8,0.0126403684747
0.22,Bell diagonal,0.0605
0.22,aligned mixed,0.00288653945002
0.23,pure C=0.8,0.0137897385193
0.23,Bell diagonal,0.06325
0.23,aligned mixed,0.00315081192119
0.24,pure C=0.8,0.0149857139618
0.24,Bell diagonal,0.066
0.24,aligned mixed,0.00342610888939
0.25,pure C=0.8,0.0162277660168
0.25,Bell diagonal,0.06875
0.25,aligned mixed,0.00371234256346
0.26,pure C=0.8,0.0175153539595
0.26,Bell diagonal,0.0715
0.26,aligned mixed,0.00400942265007
0.27,pure C=0.8,0.0188479261341
0.27,Bell diagonal,0.07425
0.27,aligned mixed,0.00431725648233
0.28,pure C=0.8,0.020224920954
0.28,Bell diagonal,0.077
0.28,aligned mixed,0.00463574914913
0.29,pure C=0.8,0.0216457678876
0.29,Bell diagonal,0.07975
0.29,aligned mixed,0.00496480362483
0.3,pure C=0.8,0.0231098884281
0.3,Bell diagonal,0.0825
0.3,aligned mixed,0.005304320899
0.31,pure C=0.8,0.0246166970444
0.31,Bell diagonal,0.08525
0.31,aligned mixed,0.00565420010582
0.32,pure C=0.8,0.0261656021103
0.32,Bell diagonal,0.088
0.32,aligned mixed,0.00601433865284
0.33,pure C=0.8,0.0277560068099
0.33,Bell diagonal,0.09075
0.33,aligned mixed,0.00638463234885
0.34,pure C=0.8,0.0293873100166
0.34,Bell diagonal,0.0935
0.34,aligned mixed,0.00676497553037
0.35,pure C=0.8,0.0310589071449
0.35,Bell diagonal,0.09625
0.35,aligned mixed,0.00715526118675
0.36,pure C=0.8,0.0327701909727
0.36,Bell diagonal,0.099
0.36,aligned mixed,0.00755538108342
0.37,pure C=0.8,0.0345205524329
0.37,Bell diagonal,0.10175
0.37,aligned mixed,0.00796522588315
0.38,pure C=0.8,0.0363093813738
0.38,Bell diagonal,0.1045
0.38,aligned mixed,0.00838468526503
0.39,pure C=0.8,0.0381360672865
0.39,Bell diagonal,0.10725
0.39,aligned mixed,0.00881364804104
0.4,pure C=0.8,0.04
0.4,Bell diagonal,0.11
0.4,aligned mixed,0.00925200226998
0.41,pure C=0.8,0.0419005703417
0.41,Bell diagonal,0.11275
0.41,aligned mixed,0.00969963536858
0.42,pure C=0.8,0.0438371707655
0.42,Bell diagonal,0.1155
0.42,aligned mixed,0.0101564342197
0.43,pure C=0.8,0.0458091959448
0.43,Bell diagonal,0.11825
0.43,aligned mixed,0.0106222852774
0.44,pure C=0.8,0.0478160433333
0.44,Bell diagonal,0.121
0.44,aligned mixed,0.011097074669
0.45,pure C=0.8,0.0498571136907
0.45,Bell diagonal,0.12375
0.45,aligned mixed,0.0125
0.46,pure C=0.8,0.0519318115772
0.46,Bell diagonal,0.1265
0.46,aligned mixed,0.015
0.47,pure C=0.8,0.0540395458137
0.47,Bell diagonal,0.12925
0.47,aligned mixed,0.0175
0.48,pure C=0.8,0.0561797299117
0.48,Bell diagonal,0.132
0.48,aligned mixed,0.02
0.49,pure C=0.8,0.0583517824708
0.49,Bell diagonal,0.13475
0.49,aligned mixed,0.0225
0.5,pure C=0.8,0.0605551275464
0.5,Bell diagonal,0.1375
0.5,aligned mixed,0.025
0.51,pure C=0.8,0.0627891949879
0.51,Bell diagonal,0.14025
0.51,aligned mixed,0.0275
0.52,pure C=0.8,0.0650534207483
0.52,Bell diagonal,0.143
0.52,aligned mixed,0.03
0.53,pure C=0.8,0.0673472471654
0.53,Bell diagonal,0.14575
0.53,aligned mixed,0.0325
0.54,pure C=0.8,0.069670123218
0.54,Bell diagonal,0.1485
0.54,aligned mixed,0.035
0.55,pure C=0.8,0.0720215047548
0.55,Bell diagonal,0.15125
0.55,aligned mixed,0.0375
0.56,pure C=0.8,0.0744008546999
0.56,Bell diagonal,0.154
0.56,aligned mixed,0.04
0.57,pure C=0.8,0.0768076432346
0.57,Bell diagonal,0.15675
0.57,aligned mixed,0.0425
0.58,pure C=0.8,0.0792413479567
0.58,Bell diagonal,0.1595
0.58,aligned mixed,0.045
0.59,pure C=0.8,0.0817014540187
0.59,Bell diagonal,0.16225
0.59,aligned mixed,0.0475
0.6,pure C=0.8,0.084187454246
0.6,Bell diagonal,0.165
0.6,aligned mixed,0.05
0.61,pure C=0.8,0.0866988492354
0.61,Bell diagonal,0.16775
0.61,aligned mixed,0.0525
0.62,pure C=0.8,0.0892351474366
0.62,Bell diagonal,0.1705
0.62,aligned mixed,0.055
0.63,pure C=0.8,0.0917958652155
0.63,Bell diagonal,0.17325
0.63,aligned mixed,0.0575
0.64,pure C=0.8,0.0943805269026
0.64,Bell diagonal,0.176
0.64,aligned mixed,0.06
0.65,pure C=0.8,0.0969886648256
0.65,Bell diagonal,0.17875
0.65,aligned mixed,0.0625
0.66,pure C=0.8,0.0996198193283
0.66,Bell diagonal,0.1815
0.66,aligned mixed,0.065
0.67,pure C=0.8,0.102273538777
0.67,Bell diagonal,0.18425
0.67,aligned mixed,0.0675
0.68,pure C=0.8,0.104949379553
0.68,Bell diagonal,0.187
0.68,aligned mixed,0.07
0.69,pure C=0.8,0.107646906035
0.69,Bell diagonal,0.18975
0.69,aligned mixed,0.0725
0.7,pure C=0.8,0.110365690574
0.7,Bell diagonal,0.1925
0.7,aligned mixed,0.075
0.71,pure C=0.8,0.113105313449
0.71,Bell diagonal,0.19525
0.71,aligned mixed,0.0775
0.72,pure C=0.8,0.115865362828
0.72,Bell diagonal,0.198
0.72,aligned mixed,0.08
0.73,pure C=0.8,0.118645434706
0.73,Bell diagonal,0.20075
0.73,aligned mixed,0.0825
0.74,pure C=0.8,0.121445132846
0.74,Bell diagonal,0.2035
0.74,aligned mixed,0.085
0.75,pure C=0.8,0.124264068712
0.75,Bell diagonal,0.20625
0.75,aligned mixed,0.0875
0.76,pure C=0.8,0.127101861387
0.76,Bell diagonal,0.209
0.76,aligned mixed,0.09
0.77,pure C=0.8,0.129958137497
0.77,Bell diagonal,0.21175
0.77,aligned mixed,0.0925
0.78,pure C=0.8,0.132832531125
0.78,Bell diagonal,0.2145
0.78,aligned mixed,0.095
0.79,pure C=0.8,0.135724683717
0.79,Bell diagonal,0.21725
0.79,aligned mixed,0.0975
0.8,pure C=0.8,0.138634243989
0.8,Bell diagonal,0.22
0.8,aligned mixed,0.1
0.81,pure C=0.8,0.141560867831
0.81,Bell diagonal,0.22275
0.81,aligned mixed,0.1025
0.82,pure C=0.8,0.144504218203
0.82,Bell diagonal,0.2255
0.82,aligned mixed,0.105
0.83,pure C=0.8,0.14746396503
0.83,Bell diagonal,0.22825
0.83,aligned mixed,0.1075
0.84,pure C=0.8,0.150439785099
0.84,Bell diagonal,0.231
0.84,aligned mixed,0.11
0.85,pure C=0.8,0.15343136195
0.85,Bell diagonal,0.23375
0.85,aligned mixed,0.1125
0.86,pure C=0.8,0.156438385765
0.86,Bell diagonal,0.2365
0.86,aligned mixed,0.115
0.87,pure C=0.8,0.159460553258
0.87,Bell diagonal,0.23925
0.87,aligned mixed,0.1175
0.88,pure C=0.8,0.162497567561
0.88,Bell diagonal,0.242
0.88,aligned mixed,0.12
0.89,pure C=0.8,0.165549138115
0.89,Bell diagonal,0.24475
0.89,aligned mixed,0.1225
0.9,pure C=0.8,0.168614980554
0.9,Bell diagonal,0.2475
0.9,aligned mixed,0.125
0.91,pure C=0.8,0.171694816592
0.91,Bell diagonal,0.25025
0.91,aligned mixed,0.1275
0.92,pure C=0.8,0.17478837391
0.92,Bell diagonal,0.253
0.92,aligned mixed,0.13
0.93,pure C=0.8,0.177895386042
0.93,Bell diagonal,0.25575
0.93,aligned mixed,0.1325
0.94,pure C=0.8,0.181015592263
0.94,Bell diagonal,0.2585
0.94,aligned mixed,0.135
0.95,pure C=0.8,0.184148737476
0.95,Bell diagonal,0.26125
0.95,aligned mixed,0.1375
0.96,pure C=0.8,0.187294572102
0.96,Bell diagonal,0.264
0.96,aligned mixed,0.14
0.97,pure C=0.8,0.190452851964
0.97,Bell diagonal,0.26675
0.97,aligned mixed,0.1425
0.98,pure C=0.8,0.193623338184
0.98,Bell diagonal,0.2695
0.98,aligned mixed,0.145
0.99,pure C=0.8,0.196805797068
0.99,Bell diagonal,0.27225
0.99,aligned mixed,0.1475
1,pure C=0.8,0.2
1,Bell diagonal,0.275
1,aligned mixed,0.15
