p,L_projective_numerical,L_projective_exact,residual,max_imag_bloch
-3.333333333333333148e-01,3.333333333333333703e-01,3.333333333333333148e-01,5.551115123125782702e-17,0.000000000000000000e+00
-2.500000000000000000e-01,2.500000000000000000e-01,2.500000000000000000e-01,0.000000000000000000e+00,0.000000000000000000e+00
-1.666666666666666574e-01,1.666666666666666852e-01,1.666666666666666574e-01,2.775557561562891351e-17,0.000000000000000000e+00
-8.333333333333331483e-02,8.333333333333334259e-02,8.333333333333331483e-02,2.775557561562891351e-17,0.000000000000000000e+00
0.000000000000000000e+00,0.000000000000000000e+00,0.000000000000000000e+00,0.000000000000000000e+00,0.000000000000000000e+00
8.333333333333331483e-02,8.333333333333332871e-02,8.333333333333331483e-02,1.387778780781445676e-17,0.000000000000000000e+00
1.666666666666666852e-01,1.666666666666667129e-01,1.666666666666666852e-01,2.775557561562891351e-17,0.000000000000000000e+00
2.499999999999999445e-01,2.499999999999999445e-01,2.499999999999999445e-01,0.000000000000000000e+00,0.000000000000000000e+00
3.333333333333333148e-01,3.333333333333333703e-01,3.333333333333333148e-01,5.551115123125782702e-17,0.000000000000000000e+00
4.166666666666666852e-01,4.166666666666667407e-01,4.166666666666666852e-01,5.551115123125782702e-17,0.000000000000000000e+00
4.999999999999999445e-01,4.999999999999999445e-01,4.999999999999999445e-01,0.000000000000000000e+00,0.000000000000000000e+00
5.833333333333332593e-01,5.833333333333333703e-01,5.833333333333332593e-01,1.110223024625156540e-16,0.000000000000000000e+00
6.666666666666667407e-01,6.666666666666668517e-01,6.666666666666667407e-01,1.110223024625156540e-16,0.000000000000000000e+00
7.500000000000000000e-01,7.500000000000000000e-01,7.500000000000000000e-01,0.000000000000000000e+00,0.000000000000000000e+00
8.333333333333332593e-01,8.333333333333332593e-01,8.333333333333332593e-01,0.000000000000000000e+00,0.000000000000000000e+00
9.166666666666667407e-01,9.166666666666667407e-01,9.166666666666667407e-01,0.000000000000000000e+00,0.000000000000000000e+00
1.000000000000000000e+00,1.000000000000000000e+00,1.000000000000000000e+00,0.000000000000000000e+00,0.000000000000000000e+00
